Modelo,Pergunta,Resposta,Tempo (s)
phi3:3.8b,O que é um algoritmo?,"Um algoritmo é uma sequência bem definida de passos ou instruções destinadas a resolver um problema específico. Ele serve como metodologia para alcançar objetivos computacionais, através do raciocínio lógico e da executable solução dos problemas.

Os algoritmos podem ser encontrados em diversas áreas que envolvem processamento de dados ou resolução de questões matemáticas complexas. Eles são usados para simplificar tarefas do dia a dia, como navegar até um determinado destino utilizando mapas e GPS (que contêm seus próprios algoritmos internos) ou encontrar o caminho mais curto entre dois pontos em uma rede.

O conceito de algoritmo pode ser rastreado desde a antiguidade, onde foram usados sistemas baseados na sequência para resolver problemas matemáticos complexos e planejar tarefas agrícolas ou militares, como as técnicas árabes da álgebra. Hoje em dia, eles são fundamentais no desenvolvimento de software, inteligências artificiais (IA) e sistemas automatizados que necessitam tomar decisões com base nas informações disponíveis para resolver um problema específico ou realizar uma tarefa.

Além disso, os algoritmos permitem o desenvolvimento de técnicas avançadas como criptografia e compressão de dados que estão fundamentais no campo da cibersegurança (e também na preservação histórica dos documentos). As aplicações do dia a dia, desde os sistemas operacionais mundiais até o computador pessoal doméstico, utilizam algoritmos para executar as suas tarefas e processamento de dados.

Em resumo, um algoritmo é uma sequência bem definida de passos ou instruções que permite solucionar problemas matemáticos complexos ou realizar atividades cotidianas como navegação utilizando mapas com GPS e diretórios por meio do processamento rápido dos dados. Eles são fundamentais em diversos campos, desde cibersegurança até inteligência artificial, permitindo tomadas de decisões automáticas baseadas nas informações disponíveis para solucionar problemas específicos ou realizar tarefas eficientemente.",129.9
phi3:3.8b,O que é uma variável em programação?,"Uma variável em programação é um recurso fundamental usado para armazenar dados. Pode conter valores numéricos, texto (strings), ou qualquer outra informação específica do contexto da aplicação que está sendo desenvolvida. As variáveis são essenciais na criação de scripts e programas em quase todas as linguagens de programação modernas. Elas permitem a manipulação dinâmica dos dados, isto é, o valor armazenado pode ser atualizado durante a execução do programa, proporcionando uma maneira flexível para trabalhar com diferentes valores em um fluxo de execução. Além disso, elas são usadas na alocação e desalocação dinâmica da memória no computador (dependendo da linguagem utilizada), o que pode ser uma questão importante a se considerar ao programar para máquinas com hardware específico ou restrições em recursos.",50.69
phi3:3.8b," Qual será a saída do seguinte código?
        let x = 5;
        let y = 2;
        console.log(x + y);
    ","A saída desse código é:  
```javascript
7
```",3.98
phi3:3.8b,O que faz a estrutura de controle if em programação?,"A estrutura `if` é uma das formas mais básicas e importantes na lógica condicional da programação. Ela permite ao desenvolvedor criar um fluxo de execuio com base em se algum ou certos valores são verdadeiros (`true`) ou falsos (`false`). Aqui estão as principais funções que a estrutura `if` desempenha na programação:

1. Ela permite que o programa execute apenas uma parte de seu código quando condições específicas forem atendidas, possibilitando processamentos diferentes dependendo das informações disponíveis ou em mãos pelo usuário ou por outros algoritmos no sistema. Por exemplo: se um jogador estiver conectado a uma partida de jogo online e quiser que o programa faça algo diferente, você pode usar `if` para verificar essa condição (`connected = true`) e fazer com que ele avance na partida.
2. Ela ajuda no controle do fluxo da execução em programas mais complexos: quando se deseja executar diferentes trechos de código dependendo das informações apresentadas ou dos resultados obtidos, é possível usar a estrutura `if`. Por exemplo, para um aplicativo que compara horários e mostra uma mensagem ao usuário caso haja alguma diferença significativa entre os valores fornecidos.
3. Ela melhora o código escrito ao evitar blocos repetitivos desnecessários: se você quiser executar a mesma lógica várias vezes, mas com diferentes inputs ou condições que não são sempre iguais em todos os casos, pode usar `if` para verificar cada caso individual e escrever um bloco de código específico para ele. Por exemplo: se quiser criar uma função geradora de endereços IP aleatórios na qual o programa precisa ler diferentes formatos da entrada do usuário, pode usar `if` para diferenciar entre os casos e executar a lógica certa em cada um deles.
4. Ela facilita as decisões: ao utilizar `if`, você não se prende aos caminhos que o programa irá seguir à medida do tempo, mas sim faz ele tomar suas próprias decisões baseadas nas informações disponísas ou em seus inputs e resultados. Por exemplo, para um jogo online onde as habilidades dos jogadores são avaliadas com frequência, pode utilizar `if` para verificar o desempenho atual do usuário no decorrer da partida e fazer alterações nos níveis de dificuldade.

Em resumo, é possível afirmar que a estrutura condicional if possibilita ao programador criar trechos específicos para diferentes situações apresentadas pelo programa ou por seus usuários/inputs e fazer com que ele escolha entre eles de forma dinâmica na hora. É uma das ferramentas mais poderosas da lógica condicional em programação, utilizada desde os primeiros dias do desenvolvimento até hoje.",175.43
phi3:3.8b,"Qual o resultado da seguinte expressão lógica?
        console.log((true && false) || true);
    ","O resultado dessa expressão é `true`. Aqui está a explicação passo a passo:

- Em uma linguagem de programação como o JavaScript, a operação AND (`&&`) tem precedência sobre OR (`||`). Portanto, primeiro verificamos `(true && false)`, que retorna falso (pois um valor precisa ser `true` para ambos valores em um par conectado por ""AND"" se tornarem `true`, e neste caso não é o caso).
- Depois disso temos apenas uma operação OR (`||`) com os dois resultados anteriores. Como a expressão do AND retornou falso, só precisamos verificar agora `(false || true)`, que nos dá `true` (se pelo menos um valor entre par conectado por ""OR"" for `true`, o resultado será `true`).
- Portanto, no final da execuCTănge do código na consola ficaria assim: 
```javascript
console.log(true); // O que é exibido: true
```",47.18
phi3:3.8b,"Qual será a saída do seguinte código?

        for (let i = 0; i < 3; i++) {
            console.log(i * 2);
        }
    ","A saída desse bloco de código seria:

```
0
2
4
```

Isso ocorre porque a cada iteração do loop for, ele imprime `i * 2` e no primeiro ciclo `i = 0`, resulta em 0. No segundo ciclo com `i = 1`, temos 2 (1*2) e por último `i = 2`, obtemos o resultado de 4 (2*2).",21.38
phi3:3.8b,Explique a diferença entre um loop for e um loop while.,"Uma das principais diferenças entre os loops `for` e `while` é na forma como eles iniciam, executam e terminam o processo de repetição:

1. Início do Loop - O loop `for` começa quando você define uma variável inicial que será utilizada no contador da repetição (geralmente com um valor iniciais), juntamente com as condições para continuar e terminar o loop (`initializer`, `condition` and `iterator`). Por outro lado, na estrutura do loop `while`, a execucial só começa quando você define uma variável inicial e sua condição de terminação dentro da própria instrução.

2. Execução - No caso do loop for, ele é geralmente utilizado para iterar sobre um conjunto predefinido como arrays ou listas (ou qualquer outra coleção que suporte iterações), onde você tem uma variável de controle e suas condições são explicitadas em todas as partes da instrução. Já no loop `while`, ele é geralmente utilizado para repetições infinitas ou semi-infinitas, com a execução dependendo diretamente do valor que continua satisfazer a sua expressão lógica na condição de parada (`condition`).

3. Terminação - No loop `for`, o término é geralmente explicitado pela mudança da variável de controle ou se ela atingir um determinado limite, que pode ser definido no início do próprio loop como sua condição para parar (`final condition`). Já no caso do while loop, a execução termina quando o `condition` é falso e não há nenhuma variável de controle especificada.

Uma analogia que pode ajudar a entender essa diferença poderia ser imaginar uma viagem em carro (o bloco do loop) com um mapa na carteira (`loop`) para saber quais lugares visitar e quando chegar ao fim, retornando à sua cidade.

Aqui está o exemplo de código que compara os dois loops: 
```python 
# Exemplo for em Python utilizando uma lista (um conjunto) como entrada do loop.
lista = [1,2,3,4,5] # Conjunto para ser iterado pelo Loop For  
for num in lista:       # Variável de controle e condição definidas no próprio loop 
    print(num * 2)      # Comando a ser repetido pela variável de controle (variável `num`) dentro da estrutura do seu loop for.         
print(""Loop For terminado!"")     # Imprime algo após o término das repetições no Loop For, que são feitas com base nas condições definidas em seu próprio código  
# Output: 2 4 6 8 10 Loop Terminado!   
```
O loop `for` é mais adequado para loops onde você tem um conjunto pré-definido de iterações, enquanto o while for utilizado quando a repetições podem ser infinitas ou semi-infinitas.  
Uma analogia que poderia ajudar seria imaginar uma viagem em carro (o loop), onde você tem um mapa na carteira (`loop`) para saber quais lugares visitar e quando chegar ao fim, retornando à sua cidade como terminação.  
Aqui está o exemplo de código que compara os dois loops: 
```python 
# Exemplo While em Python utilizando uma variável definida fora do loop para controlar as repetições   
valor = 10           # Variável inicial (definido externamente ao Loop)                    
while valor > 0:       # Condição que determina o início da repetição, sendo a execução baseada na variável `valor` continuando satisfazer ela mesma   
   print(f'Valor atual {valor}')      # Comando executado dentro do loop while 
   valor -= 1          # Variável de controle que é modificada para alterar a condição da repetição, podendo assim terminar o loop em um tempo pré-definido (ou mesmo infinitamente)    
print('Loop While Terminado!')    # Imprime algo após o término das repetições no Loop while  
# Output: Valor atual 10
#         Valor atual 9
#         ...
#         3
#         2
#         1
#         Loop While Terminado!    
```
O loop `while` é mais adequado para repetições infinitas ou semi-infinitas, onde você tem uma variável de controle externa que pode ser modificada para alterar a condição da repetição.  
Uma analogia que poderia ajudar seria imaginar um ator (o loop) praticando sua performance em frente ao espelho até estarem satisfeitos com o resultado final, sendo possível encostá-lo sem parar para interromper a repetição do processo.  
Em Python especificamente: 
```python 
# Exemplo For Infinito (loop While infinitos) utilizando uma variável externa de controle e condições que nunca são satisfeitas, portanto o loop continuará indefinidamente   
valor = -10           # Variável inicial definida fora do Loop  
while True:         # Condição para iniciar a repetição (o processo pode se repetir infinitas vezies)                    
  valor += 2          # Alterando variáility de controle que não terá efeito em satisfazer a condição, mantendo o loop indefinidamente   
print('Loop While Infinito Terminado!')   # Ainda é possível encostar no ator (o loop) praticando seu papel até estar satisfeito com o resultado final.    
# Output: Loop While Infinitos terminados em Python, não será interrompido pois a condição para parar nunca acontecerá enquanto estamos utilizando um interpretório real (e mesmo simulado)  
``` 
Em resumo, escolha o tipo de loop mais adequado dependendo da aplicação que deseja implementar. Se você tiver uma coleção pré-definida para iterar como arrays ou listas, prefira utilizar `for`. Caso tenha um processo infinitamente repetível (ou semi infinito), é melhor usar o while loop. O uso adequado de cada tipo de loop permite que você escreva código mais claro e fácil-de-entender para as pessoas lerem seu programa no futuro também, além disso ajudar na sua escrita em si mesmo!",425.64
phi3:3.8b,O que acontece quando um programa entra em um loop infinito?,"Quando um programa entra em um loop infinito, ele continua a repetir o mesmo conjunto de instruções sem parar. Isso pode ter várias consequências:

1. Bloqueio do sistema operacional: O código que está executando com esse tipo de comportamento ocupará sempre as mesmas recursos e pode impedir outras operações importantes no computador, fazendo-o ficar inutilizável ou irremediavelmente lento se não for interrompido.

2. Desempenho desgastante: Se o loop infinito tiver um custo de processamento elevado para cada iteração (como uma chamada recursiva), ele pode consumir muita memória e CPU, gerando a quebra do sistema se não for controlado timidamente pelo usu endpoint.

3. Estressão psicológica: Esse tipo de comportamento também pode causar estresse emocional ao programador ou utilizador quando ele percebe o programa inexplicavelmente ficando mais lento e ocupado com cada passo do loop infinito, geralmente resultando na perda da esperança.

Para prevenir um código de entrar nesse tipo de comportamento indesejável, é fundamental utilizar condições que levem ao término desse ciclo em algum momento (como uma verificação com variáveis), ou aplicar mecanismos de sincronização e controle para evitar bloqueios. Além disso, testes devem ser desenvolvidos para detectar esse tipo de falhas na implementação do código antes que ele seja utilizado em produção final.",69.46
phi3:3.8b,O que significa depuração(debugging) em programação?,"Depuração, ou debugging, é um processo fundamental na prática da engenharia de software. Refere-se às técnias e métodos utilizados para identificar, localizar e corrigir erros (bugs) nos sistemas de programação computacional. O objetivo principal do debugging está em encontrar as falhas que impedem um programa ou algoritmo de funcionar como esperado, bem como determinar a causa raiz dessas questões para evitar reincidências no futuro.

Os meios utilizados no debugging podem variar muito, mas geralmente envolvem o rastreamento passo a passo da execução do código e a análise dos resultados obtidos em cada etapa. Essa prática auxilia os programadores a identificar picos de erros ou comportamentos indesejáveis no fluxo normal do programa, permitindo que eles solucionem problemas através de uma investigação sistemática e cuidadosa da situação descrita em cada mensagem de log.

Para programas mais complexos, o debugging pode ser um processo demorado e meticuloso, exigindo a execução do programa sob condições específicas para reproduzir erros que não são consistentes durante as etapas normais da operação. Além disso, o uso de ferramentas especializadas como depuradores em linguagens interpretadas ou compiladas pode facilitar e acelerar a detecção desses problemas.

Em resumo, debugging é uma etapa essencial na criação bem-sucedida do software, permitindo que os programadores corrijam erros antes da implantação final em ambientes de produção ou ao utilizarem o sistema como um todo por usuários finais. A qualidade e confiabilidade dos sistemas dependem diretamente das habilidades e conhecimentos adquiridos através do debugging, bem como da utilização adequada de herramientas que facilitem esse processo.",81.1
phi3:3.8b,"Qual será a saída do seguinte código?
        let contador = 0;
        while (contador < 3) {
            if (contador % 2 === 0) {
                console.log(""Par"");
            } else {
                console.log(""Ímpar"");
            }
            contador++;
        }
    ","A saída do código será:

```
Ímpar
Par
Ímpar
Ímpar
```

Explicação: O loop `while` é executado até que a variável `contador` atinja o valor de 3. Dentro do loop, se `contador` for divisível por 2 (ou seja, um número par), ""Par"" será impresso. Caso contrário (""Ímpar""), ""Ímpar"" será imprimido. Após cada iteração, a variável é incrementada em 1 (`contador++`). Portanto:

- Durante a primeira iteração (quando `contador` vale 0), como 0 é divisível por 2, ""Par"" será impresso. A contagem se torna 1 e o loop continua.
- Na segunda iteração (`contador` = 1), como não é divisível por 2 (é um número ímpar), ""Ímpar"" é imprimido. A contagem se torna 2.
- Na terceira iteração (`contador` = 2), pois também está dividível por 2, então novamente ""Par"" será impresso e a contagem incrementará para 3. Neste ponto, o valor de `contador` é igual ou maior que 3, então a condição do loop termina imediatamente sem execução da última iteração (`console.log`).",62.17
phi3:3.8b,"Dado o código abaixo, qual será a saída?

        function func(x) { 
        return x * x; 
        } 
        console.log(func(3) + func(2));
    ","A função `func` recebe um argumento `x` e retorna o valor de `x` ao quadrado (`x*x`). A expressão `console.log(func(3) + func(2))` está chamando essa função com os valores 3 e 2, respectivamente, multiplicando seus resultados juntos (já que a operação entre eles é somente), conforme solicitado pelo cálculo da expressão:

    func(3) = 3*3 = 9;
    
    func(2) = 2*2 = 4;
    
Então, o resultado final será a soma dos dois resultados anteriores: `9+4`, que equivale a 13. Portanto, a saída do código é:

        13",33.54
phi3:3.8b,"Qual será a saída do seguinte código?
        let a = [1, 2, 3];
        let b = a;
        b.push(4);
        console.log(a);
    ","O resultado da execu endo `console.log(a);` será `[1, 2, 3, 4]`. Isso acontece porque em JavaScript, arrays são passados por referência e não copia os valores do array original para o novo variável. Então quando alteramos `b`, essas alterações também afetam a propriedade de `a`. No caso específico, estou adicionando o número 4 ao último elemento da lista em ambos as referências (`a` e `b`).",20.78
phi3:3.8b,"Qual será a saída do seguinte código?

        let numeros = [10, 20, 30];
        numeros[1] = 50;
        console.log(numeros);
    ","A saída desse código é `[10, 50, 30]`. O valor dentro da posição `1` do array `numeros` foi substituído pelo valor `50`. Ao executar este script em um ambiente que suporte JavaScript (como o Node.js ou no navegador), você verá a saída mostrada acima quando utilizamos uma função de log na consola, como é feito neste caso com `console.log()`.",19.32
phi3:3.8b,"Qual será a saída do seguinte código?

        function dobro(x) {
            return x * 2;
        }
        console.log(dobro(5));
    ","A função `dobro` tem como objetivo multiplicar um número por 2 e, em seguida, o código chama essa função passando o valor 5 como argumento. Como a função é definida corretamente para retornar esse cálculo resultante, quando executada no console do navegador ou em outro ambiente que executa JavaScript puro, ela imprimirá `10` na consola sem erros de sintaxe e com o uso correto das funções.

```javascript
function dobro(x) {
    return x * 2;
}
console.log(dobro(5)); // Saída: 10
```",27.53
phi3:3.8b,"O que acontece se chamarmos uma função antes de sua declaração em JavaScript?

        console.log(somar(3, 4));

        function somar(a, b) {
            return a + b;
        }
    ","Quando você chama uma função sem declará-la primeiro em um ambiente de execução JavaScript (também conhecido como 'strict mode'), o navegador não terá definido essa função no momento da invocação. Isso resultará na criação automática de uma função com a palavra-chave `function` e um nome padrão que geralmente é algo derivado do código onde você tentou chamá-la, seguindo o formato ""função_name$arg1$_...$_argN"", se for necessário passar argumentos. 

No caso específico de chamar `somar(3,4)` antes da declaração dessa função: JavaScript cria uma nova função chamada `__doCall`, que por sua vez invoca a função somente definida posteriormente com os argumentos passados (`__protoArg0 = 3; __protoArg1 = 4`). Se você está usando o 'strict mode', em caso de erro, ele irá parar toda execução do script. Em um ambiente menos rígido (onde o 'strict mode' não é ativado), isso pode levar à continuação da execução com a criação automática dessa função `__doCall` que tenta chamar `somar(3,4)`.

Essencialmente, você está criando uma função temporária para resolver essa referência de função invocada antes do seu tempo. Ao revisitar o código posteriormente, isso pode ser um comportamento inesperado e potenteamente confuso que deve evitar-se se possível. Em vez disso, você sempre deve garantir que as chamadas a funções estejam dentro de parâmetros onde elas foram definidas ou terem sido declarada anteriormente no código por meio da declaração explícita (`function functionName(parâmetro) {}`).",83.49
