Modelo,Pergunta,Resposta,Tempo (s)
phi4:latest,O que é um algoritmo?,"Um algoritmo é uma sequência finita de instruções ou passos bem definidos, projetados para realizar uma tarefa específica. Ele fornece uma solução sistemática e eficaz para resolver problemas ou processar dados em diversas áreas da ciência da computação, matemática, lógica e outras disciplinas.

Os algoritmos são caracterizados por:

1. **Entrada**: Eles recebem um conjunto de valores iniciais (entrada) que podem ser variados.
2. **Saída**: Após processar a entrada, eles produzem uma ou mais saídas, que são os resultados desejados da execução do algoritmo.
3. **Finitude**: Um algoritmo deve sempre terminar após um número finito de etapas.
4. **Determinismo**: Para a mesma entrada, um algoritmo determinístico deve produzir sempre a mesma saída e seguir o mesmo caminho ou sequência de operações.

Algoritmos são fundamentais na programação de computadores, onde são traduzidos em linguagens de programação para criar programas que realizam tarefas específicas. Eles variam desde procedimentos simples, como a soma dos elementos de uma lista, até soluções complexas para problemas matemáticos e algoritmos de inteligência artificial.

Além disso, os algoritmos são utilizados em diversas aplicações cotidianas, tais como sistemas operacionais, processadores de texto, motores de busca na internet, redes sociais, análise de dados e muito mais. A eficiência e a complexidade dos algoritmos também são analisadas para garantir que eles possam ser executados dentro de tempos razoáveis e com uso adequado dos recursos computacionais disponíveis.",181.13
phi4:latest,O que é uma variável em programação?,"Uma variável em programação é um componente fundamental que serve como um local de armazenamento para dados. Ela pode ser pensada como um contêiner ou recipiente que possui um nome (identificador) e pode conter valores de diferentes tipos, tais como números inteiros, pontos flutuantes, strings (cadeias de caracteres), booleanos, entre outros, dependendo do sistema de tipagem da linguagem de programação.

### Características Principais:

1. **Nome**: Cada variável tem um nome que é usado para acessá-la no código. As convenções de nomenclatura geralmente seguem regras específicas, como começar com uma letra ou sublinhado e conter apenas letras, números e sublinhados.

2. **Tipo de Dado**: O tipo de dado de uma variável determina o tipo de informação que ela pode armazenar e as operações que podem ser realizadas sobre essa informação. Algumas linguagens são fortemente tipadas (requerem declaração explícita do tipo), enquanto outras são fracamente tipadas ou dinamicamente tipadas, permitindo mais flexibilidade.

3. **Valor**: É o dado concreto armazenado na variável. O valor pode ser alterado ao longo da execução do programa, a menos que a variável seja declarada como constante.

4. **Escopo e Vida Útil**: 
   - **Escopo** refere-se à região do código onde uma variável é acessível.
   - **Vida útil** diz respeito ao período durante o qual a variável existe na memória, que pode ser limitado ao escopo em que foi definida.

5. **Declaração**: Antes de usar uma variável, ela geralmente precisa ser declarada no código para informar à linguagem sobre seu nome e tipo (em linguagens fortemente tipadas).

### Exemplos:

- Em Python:
  ```python
  x = 10          # Variável inteira
  name = ""Alice""  # Variável string
  is_student = True  # Variável booleana
  ```

- Em Java:
  ```java
  int number = 42;        // Declaração e inicialização de uma variável do tipo inteiro
  String text = ""Hello"";  // Declaração e inicialização de uma variável string
  boolean isActive = true;// Variável booleana
  ```

As variáveis são essenciais para a manipulação de dados dentro de programas, permitindo que os desenvolvedores armazenem informações temporárias ou permanentes que possam ser usadas em operações e lógicas subsequentes.",253.8
phi4:latest," Qual será a saída do seguinte código?
        let x = 5;
        let y = 2;
        console.log(x + y);
    ","O código define duas variáveis `x` e `y`, com valores 5 e 2, respectivamente. A expressão `console.log(x + y);` calcula a soma das duas variáveis, resultando em `7`. Portanto, a saída do código será:

```
7
```",38.53
phi4:latest,O que faz a estrutura de controle if em programação?,"A estrutura de controle `if` é uma construção fundamental em muitas linguagens de programação e serve para implementar lógica condicional. Ela permite que um programa execute diferentes blocos de código dependendo se uma ou mais condições são verdadeiras ou falsas.

### Funcionamento Básico:

1. **Condição:** O `if` começa com uma expressão booleana, que é avaliada para `true` ou `false`.
2. **Bloco de Código Condicional:** Se a expressão for `true`, o bloco de código associado ao `if` será executado.
3. **Opcionalmente, Blocos Alternativos:**
   - **`else`:** Pode ser usado para especificar um bloco de código que deve ser executado se a condição do `if` for falsa.
   - **`else if`:** Permite testar várias condições adicionais. Se a primeira condição for falsa, o próximo `else if` será avaliado, e assim por diante.

### Exemplo em Pseudocódigo:

```pseudocode
se (condição1) {
    // Bloco de código executado se condição1 é verdadeira
} senão se (condição2) {
    // Bloco de código executado se condição1 for falsa e condição2 for verdadeira
} senão {
    // Bloco de código executado se todas as condições anteriores forem falsas
}
```

### Exemplo em Python:

```python
x = 10

if x > 0:
    print(""x é positivo"")
elif x == 0:
    print(""x é zero"")
else:
    print(""x é negativo"")
```

### Exemplo em Java:

```java
int x = 10;

if (x > 0) {
    System.out.println(""x é positivo"");
} else if (x == 0) {
    System.out.println(""x é zero"");
} else {
    System.out.println(""x é negativo"");
}
```

### Uso Comum:

- **Validação de Entrada:** Verificar se a entrada do usuário atende a certos critérios.
- **Fluxo de Controle:** Direcionar o fluxo da execução do programa com base em condições específicas.
- **Decisões Lógicas:** Implementar lógica complexa que depende de várias condições.

A estrutura `if` é essencial para a tomada de decisões e ajuda a tornar os programas mais dinâmicos e adaptáveis às diferentes situações.",249.27
phi4:latest,"Qual o resultado da seguinte expressão lógica?
        console.log((true && false) || true);
    ","Para avaliar a expressão lógica `console.log((true && false) || true);`, vamos quebrá-la em partes:

1. **Avaliação de `(true && false)`**:
   - O operador `&&` (E lógico) retorna `true` apenas se ambos os operandos forem verdadeiros.
   - Aqui, temos `true && false`. Como um dos valores é `false`, o resultado dessa expressão é `false`.

2. **Avaliação de `(false || true)`**:
   - Agora que sabemos que `(true && false)` resulta em `false`, a expressão se torna `false || true`.
   - O operador `||` (OU lógico) retorna `true` se pelo menos um dos operandos for verdadeiro.
   - Aqui, temos `false || true`. Como um dos valores é `true`, o resultado dessa expressão é `true`.

Portanto, a saída da expressão `console.log((true && false) || true);` será `true`.",104.6
phi4:latest,"Qual será a saída do seguinte código?

        for (let i = 0; i < 3; i++) {
            console.log(i * 2);
        }
    ","O código dado é um loop `for` que itera três vezes, começando de `i = 0` até `i < 3`. Em cada iteração, ele multiplica o valor atual de `i` por 2 e exibe o resultado no console. Vamos passar pelos valores de `i` uma a uma para determinar a saída:

1. Na primeira iteração, `i = 0`. Então, `i * 2` é `0 * 2`, que resulta em `0`.
2. Na segunda iteração, `i = 1`. Assim, `i * 2` é `1 * 2`, o que dá `2`.
3. Na terceira iteração, `i = 2`. Portanto, `i * 2` é `2 * 2`, resultando em `4`.

O loop para quando `i` atinge 3 (pois a condição é `i < 3`). Assim, a saída do código será:

```
0
2
4
```",106.43
phi4:latest,Explique a diferença entre um loop for e um loop while.,"A diferença principal entre um loop `for` e um loop `while` está na maneira como eles controlam a iteração do loop.

### Loop `for`

1. **Estrutura**: O loop `for` é geralmente usado quando você sabe quantas vezes deseja executar o bloco de código. Ele tem uma estrutura mais compacta que inclui inicialização, condição e incremento (ou decremento) na declaração do loop.

2. **Sintaxe** (em Python):
   ```python
   for variável in sequência:
       # Bloco de código a ser executado
   ```

3. **Características**:
   - A iteração é baseada em uma sequência ou um intervalo de valores.
   - Ideal para quando o número de iterações é conhecido antes do loop começar.
   - Inicialização e atualização da variável de controle são feitas dentro da declaração `for`.

4. **Exemplo**:
   ```python
   for i in range(5):  # Itera de 0 a 4, totalizando 5 iterações
       print(i)
   ```

### Loop `while`

1. **Estrutura**: O loop `while` é usado quando você deseja executar um bloco de código enquanto uma condição específica for verdadeira. A condição é verificada antes da execução do bloco de código.

2. **Sintaxe** (em Python):
   ```python
   while condição:
       # Bloco de código a ser executado
   ```

3. **Características**:
   - Itera enquanto uma determinada condição for verdadeira.
   - Ideal para quando o número de iterações não é conhecido antes do loop começar.
   - A variável de controle deve ser explicitamente manipulada dentro do bloco de código para evitar loops infinitos.

4. **Exemplo**:
   ```python
   i = 0
   while i < 5:
       print(i)
       i += 1  # Incrementa a variável de controle para evitar um loop infinito
   ```

### Resumo

- Use `for` quando o número de iterações é conhecido ou baseado em uma sequência.
- Use `while` quando você deseja iterar enquanto uma condição específica for satisfeita e o número de iterações não está pré-determinado.

Ambos os loops podem muitas vezes ser usados para alcançar o mesmo resultado, mas a escolha entre um e outro pode depender da clareza do código e das necessidades específicas da tarefa.",283.35
phi4:latest,O que acontece quando um programa entra em um loop infinito?,"Quando um programa entra em um loop infinito, ele continua executando as instruções dentro do loop indefinidamente sem condição de término. Isso pode levar a várias consequências:

1. **Uso excessivo de recursos**: O loop consome CPU continuamente para processar as instruções repetidas, o que pode aumentar significativamente o uso de processamento e impactar a performance geral do sistema.

2. **Frio no sistema**: O uso prolongado de CPU em alta carga pode causar aumento na temperatura do hardware, levando potencialmente ao superaquecimento se não houver dissipação adequada de calor.

3. **Responsividade reduzida**: Se o programa em loop infinito estiver rodando num ambiente interativo (como uma interface gráfica), ele pode deixar a aplicação ou mesmo todo o sistema lento e pouco responsivo, já que o processador está ocupado demais com aquela tarefa.

4. **Consumo de memória**: Embora um loop infinito por si só não consuma necessariamente memória adicional (dependendo do conteúdo do loop), ele pode bloquear a liberação de recursos ou impedir que outras partes do programa usem a memória de forma eficiente se estiver interagindo com outras partes do código.

5. **Paralisação do sistema**: Em sistemas operacionais onde o processo em loop infinito não é gerenciado corretamente, isso pode levar ao bloqueio (freeze) do sistema ou até mesmo à necessidade de reiniciar a máquina para liberar os recursos utilizados pelo programa.

6. **Dificuldade no diagnóstico**: Identificar e corrigir um loop infinito pode ser desafiador, especialmente se ele for não intencional ou causado por uma condição difícil de reproduzir. Pode exigir habilidades avançadas de depuração para localizar o problema.

Para prevenir loops infinitos, é importante usar condições de término claras e bem definidas em loops (`for`, `while` etc.) e testar adequadamente o código sob diferentes condições antes da implementação final. Ferramentas de debugging podem ajudar a identificar e corrigir esses problemas durante o desenvolvimento do software.",254.36
phi4:latest,O que significa depuração(debugging) em programação?,"Depuração, ou debugging, é um processo fundamental na programação que envolve identificar e corrigir erros (conhecidos como bugs) em um código-fonte. Esses erros podem causar comportamentos inesperados no software, tais como falhas de execução, resultados incorretos ou lentidão do sistema.

A depuração é essencial por vários motivos:

1. **Correção de Erros:** Ajuda a garantir que o programa funcione conforme esperado, cumprindo suas especificações e requisitos.
   
2. **Melhoria da Qualidade:** Contribui para um software mais confiável e estável, melhorando a experiência do usuário.

3. **Otimização de Desempenho:** Identifica gargalos ou problemas que podem afetar o desempenho do programa, permitindo otimizações necessárias.

4. **Entendimento Profundo do Código:** Durante a depuração, os desenvolvedores ganham uma compreensão mais profunda de como seu código funciona e interage com outras partes do sistema.

### Técnicas Comuns de Depuração:

- **Print Debugging:** Inserir instruções para imprimir variáveis ou mensagens no console pode ajudar a rastrear o fluxo do programa e os valores das variáveis em diferentes pontos.

- **Depuradores Integrados (Debuggers):** Ferramentas que permitem executar um programa passo a passo, inspecionar estados de execução e manipular variáveis. Exemplos incluem GDB para C/C++, PyCharm Debugger para Python, entre outros.

- **Testes Automatizados:** Criar testes unitários e funcionais pode ajudar a detectar erros antes que eles se tornem problemas maiores, permitindo corrigi-los em etapas iniciais do desenvolvimento.

- **Análise Estática de Código:** Ferramentas que examinam o código sem executá-lo para encontrar padrões comuns de erro ou violações de boas práticas.

- **Revisão de Código (Code Review):** Ter outros programadores revisando seu código pode ajudar a identificar erros e sugerir melhorias.

A depuração é uma habilidade crítica para desenvolvedores, pois programas complexos inevitavelmente apresentam problemas que precisam ser resolvidos para garantir sua funcionalidade correta.",269.7
phi4:latest,"Qual será a saída do seguinte código?
        let contador = 0;
        while (contador < 3) {
            if (contador % 2 === 0) {
                console.log(""Par"");
            } else {
                console.log(""Ímpar"");
            }
            contador++;
        }
    ","O código apresentado utiliza um loop `while` para iterar enquanto a variável `contador` for menor que 3. Durante cada iteração, ele verifica se o valor atual de `contador` é par ou ímpar e imprime ""Par"" ou ""Ímpar"", respectivamente. Após essa verificação, incrementa `contador` em 1.

Vamos analisar o comportamento do loop passo a passo:

1. **Primeira Iteração:**
   - `contador = 0`
   - `contador % 2 === 0` resulta em `true`, então imprime ""Par"".
   - Incrementa `contador`: agora `contador = 1`.

2. **Segunda Iteração:**
   - `contador = 1`
   - `contador % 2 === 0` resulta em `false`, então entra no bloco `else` e imprime ""Ímpar"".
   - Incrementa `contador`: agora `contador = 2`.

3. **Terceira Iteração:**
   - `contador = 2`
   - `contador % 2 === 0` resulta em `true`, então imprime ""Par"".
   - Incrementa `contador`: agora `contador = 3`.

Neste ponto, o loop termina porque `contador < 3` não é mais verdadeiro (`contador = 3`).

Portanto, a saída do código será:

```
Par
Ímpar
Par
```",183.69
phi4:latest,"Dado o código abaixo, qual será a saída?

        function func(x) { 
        return x * x; 
        } 
        console.log(func(3) + func(2));
    ","O código define uma função chamada `func` que recebe um argumento `x` e retorna o quadrado de `x`. Em seguida, ele chama a função `func` duas vezes com diferentes valores e soma os resultados.

Aqui está o que acontece passo a passo:

1. `func(3)` é chamado:
   - O valor 3 é passado para `x`.
   - A função retorna `3 * 3`, que é igual a 9.

2. `func(2)` é chamado:
   - O valor 2 é passado para `x`.
   - A função retorna `2 * 2`, que é igual a 4.

3. Os resultados de ambas as chamadas são somados: `9 + 4`, o que resulta em 13.

Portanto, a saída será:

```
13
```",111.72
phi4:latest,"Qual será a saída do seguinte código?
        let a = [1, 2, 3];
        let b = a;
        b.push(4);
        console.log(a);
    ","A saída do código será:

```
[1, 2, 3, 4]
```

Explicação: No JavaScript, quando você atribui um array a outra variável usando `let b = a;`, está criando uma referência ao mesmo objeto no heap. Portanto, qualquer modificação feita na variável `b` também afetará o array original `a`. Quando `b.push(4)` é executado, ele adiciona o valor `4` ao array que tanto `a` quanto `b` estão referenciando. Assim, quando `console.log(a);` é chamado, ele imprime `[1, 2, 3, 4]`.",91.52
phi4:latest,"Qual será a saída do seguinte código?

        let numeros = [10, 20, 30];
        numeros[1] = 50;
        console.log(numeros);
    ","O código define um array chamado `numeros` com os valores `[10, 20, 30]`. Em seguida, ele substitui o valor na posição `1` do array (que é inicialmente `20`) por `50`. O método de acesso ao elemento específico em um array é feito usando a notação de colchetes (`numeros[1]`). Depois disso, o código imprime o array atualizado no console.

A saída será:

```
[10, 50, 30]
``` 

Isso ocorre porque apenas o segundo elemento (índice `1`) foi modificado.",80.75
phi4:latest,"Qual será a saída do seguinte código?

        function dobro(x) {
            return x * 2;
        }
        console.log(dobro(5));
    ","O código define uma função chamada `dobro` que recebe um parâmetro `x` e retorna o valor de `x` multiplicado por 2. A linha `console.log(dobro(5));` chama a função `dobro` com o argumento `5`.

A saída será:

```
10
```

Isso ocorre porque `5 * 2` resulta em `10`.",55.69
phi4:latest,"O que acontece se chamarmos uma função antes de sua declaração em JavaScript?

        console.log(somar(3, 4));

        function somar(a, b) {
            return a + b;
        }
    ","Em JavaScript, você pode chamar uma função antes de sua declaração sem encontrar um erro imediato, graças ao comportamento conhecido como ""hoisting"". Durante o processo de compilação, as declarações de funções (e variáveis) são elevadas para o topo do seu escopo. Isso significa que a definição da função `somar` é movida para cima no código, permitindo que seja chamada antes de sua localização física na fonte.

Aqui está como isso funciona com sua exemplo:

1. **Hoisting**: O JavaScript eleva a declaração da função `somar`, tornando-a disponível em todo o escopo onde foi definida (no seu caso, o escopo global). A definição completa da função é levantada para o topo do escopo.

2. **Execução**:
   - O console.log(3, 4); chama a função somar com os argumentos 3 e 4.
   - Como a declaração da função foi elevada durante a fase de compilação, a chamada funciona sem problemas.
   - A função `somar` executa o corpo do código que retorna `a + b`, resultando em `7`.

Portanto, nesse exemplo específico, você verá `7` no console. É importante notar que este comportamento de hoisting é aplicável a declarações de funções, mas não funciona da mesma forma para expressões de funções (funções armazenadas em variáveis). Se você tivesse usado uma função armazenada em uma variável antes de sua atribuição, um erro ocorreria:

```javascript
console.log(somar(3, 4));

var somar = function(a, b) {
    return a + b;
};
```

Neste caso, `somar` seria definido como `undefined` quando tentado ser chamado antes da atribuição devido ao comportamento diferente do hoisting para variáveis (`var`).",237.0
